"NoInsee"	Département	Préfecture	"Population communale1(dernière pop. légale)"	Sous-préfectures 
1	Ain	Bourg-en-Bresse	41681	Belley, Gex, Nantua 
2	Aisne	Laon	24091	Château-Thierry, Saint-Quentin, Soissons, Vervins 
3	Allier	Moulins	19444	Montluçon, Vichy 
4	Alpes-de-Haute-Provence	Digne-les-Bains	16864	Barcelonnette, Castellane, Forcalquier 
5	Hautes-Alpes	Gap	40111	Briançon 
6	Alpes-Maritimes	Nice	343477	Grasse 
7	Ardèche	Privas	8567	Largentière, Tournon-sur-Rhône 
8	Ardennes	Charleville-Mézières	46388	Rethel, Sedan, Vouziers 
9	Ariège	Foix	9515	Pamiers, Saint-Girons 
10	Aube	Troyes	62597	Bar-sur-Aube, Nogent-sur-Seine 
11	Aude	Carcassonne	46673	Limoux, Narbonne 
12	Aveyron	Rodez	24397	Millau, Villefranche-de-Rouergue 
13	Bouches-du-Rhône	Marseille	870321	Aix-en-Provence, Arles, Istres 
14	Calvados	Caen	107250	Bayeux, Lisieux, Vire Normandie 
15	Cantal	Aurillac	25703	Mauriac, Saint-Flour 
16	Charente	Angoulême	41407	Cognac, Confolens 
17	Charente-Maritime	La Rochelle	77210	Jonzac, Rochefort, Saintes, Saint-Jean-d'Angély 
18	Cher	Bourges	64362	Saint-Amand-Montrond, Vierzon 
19	Corrèze	Tulle	14314	Brive-la-Gaillarde, Ussel 
2A 	Corse-du-Sud	Ajaccio	72647	Sartène 
2B 	Haute-Corse	Bastia	48296	Calvi, Corte 
21	Côte-d'Or	Dijon	159106	Beaune, Montbard 
22	Côtes-d'Armor	Saint-Brieuc	44166	Dinan, Guingamp, Lannion 
23	Creuse	Guéret	12698	Aubusson 
24	Dordogne	Périgueux	29255	Bergerac, Nontron, Sarlat-la-Canéda 
25	Doubs	Besançon	118258	Montbéliard, Pontarlier 
26	Drôme	Valence	64431	Die, Nyons 
27	Eure	Évreux	46869	Les Andelys, Bernay 
28	Eure-et-Loir	Chartres	38443	Châteaudun, Dreux, Nogent-le-Rotrou 
29	Finistère	Quimper	63473	Brest, Châteaulin, Morlaix 
30	Gard	Nîmes	147496	Alès, Le Vigan 
31	Haute-Garonne	Toulouse	498003	Muret, Saint-Gaudens 
32	Gers	Auch	22518	Condom, Mirande 
33	Gironde	Bordeaux	259809	Arcachon, Blaye, Langon, Lesparre-Médoc, Libourne 
34	Hérault	Montpellier	299096	Béziers, Lodève 
35	Ille-et-Vilaine	Rennes	222485	Fougères, Redon, Saint-Malo 
36	Indre	Châteauroux	43331	Le Blanc, La Châtre, Issoudun 
37	Indre-et-Loire	Tours	137850	Chinon, Loches 
38	Isère	Grenoble	158240	La Tour-du-Pin, Vienne 
39	Jura	Lons-le-Saunier	17092	Dole, Saint-Claude 
40	Landes	Mont-de-Marsan	29953	Dax 
41	Loir-et-Cher	Blois	46660	Romorantin-Lanthenay, Vendôme 
42	Loire	Saint-Étienne	174082	Montbrison, Roanne 
43	Haute-Loire	Le Puy-en-Velay	18947	Brioude, Yssingeaux 
44	Loire-Atlantique	Nantes	320732	Châteaubriant, Saint-Nazaire 
45	Loiret	Orléans	117026	Montargis, Pithiviers 
46	Lot	Cahors	20159	Figeac, Gourdon 
47	Lot-et-Garonne	Agen	32214	Marmande, Nérac, Villeneuve-sur-Lot 
48	Lozère	Mende	12336	Florac Trois Rivières 
49	Maine-et-Loire	Angers	155876	Cholet, Saumur, Segré-en-Anjou Bleu 
50	Manche	Saint-Lô	19206	Avranches, Cherbourg-en-Cotentin, Coutances 
51	Marne	Châlons-en-Champagne	44336	Épernay, Reims, Vitry-le-François 
52	Haute-Marne	Chaumont	21770	Langres, Saint-Dizier 
53	Mayenne	Laval	49617	Château-Gontier-sur-Mayenne, Mayenne 
54	Meurthe-et-Moselle	Nancy	104403	Lunéville, Toul, Val de Briey 
55	Meuse	Bar-le-Duc	14592	Commercy, Verdun 
56	Morbihan	Vannes	54017	Lorient, Pontivy 
57	Moselle	Metz	120211	Forbach, Sarrebourg, Sarreguemines, Thionville 
58	Nièvre	Nevers	32284	Château-Chinon (Ville), Clamecy, Cosne-Cours-sur-Loire 
59	Nord	Lille	236234	Avesnes-sur-Helpe, Cambrai, Douai, Dunkerque, Valenciennes 
60	Oise	Beauvais	56889	Clermont, Compiègne, Senlis 
61	Orne	Alençon	25744	Argentan, Mortagne-au-Perche 
62	Pas-de-Calais	Arras	42337	Béthune, Boulogne-sur-Mer, Calais, Lens, Montreuil-sur-Mer, Saint-Omer 
63	Puy-de-Dôme	Clermont-Ferrand	147284	Ambert, Issoire, Riom, Thiers 
64	Pyrénées-Atlantiques	Pau	75665	Bayonne, Oloron-Sainte-Marie 
65	Hautes-Pyrénées	Tarbes	42925	Argelès-Gazost, Bagnères-de-Bigorre 
66	Pyrénées-Orientales	Perpignan	118032	Céret, Prades 
67	Bas-Rhin	Strasbourg	290576	Haguenau, Molsheim, Saverne, Sélestat 
68	Haut-Rhin	Colmar	68294	Altkirch, Mulhouse, Thann 
69	Rhône	Lyon	522228	Villefranche-sur-Saône 
70	Haute-Saône	Vesoul	14866	Lure 
71	Saône-et-Loire	Mâcon	34414	Autun, Chalon-sur-Saône, Charolles, Louhans 
72	Sarthe	Le Mans	145155	La Flèche, Mamers 
73	Savoie	Chambéry	59172	Albertville, Saint-Jean-de-Maurienne 
74	Haute-Savoie	Annecy	131766	Bonneville, Saint-Julien-en-Genevois, Thonon-les-Bains 
75	Paris	Paris (C)	2145906	
76	Seine-Maritime	Rouen	114187	Dieppe, Le Havre 
77	Seine-et-Marne	Melun	41609	Fontainebleau, Meaux, Provins, Torcy 
78	Yvelines	Versailles	83583	Mantes-la-Jolie, Rambouillet, Saint-Germain-en-Laye 
79	Deux-Sèvres	Niort	58966	Bressuire, Parthenay 
80	Somme	Amiens	134167	Abbeville, Montdidier, Péronne 
81	Tarn	Albi	49094	Castres 
82	Tarn-et-Garonne	Montauban	61677	Castelsarrasin 
83	Var	Toulon	179659	Brignoles, Draguignan 
84	Vaucluse	Avignon	90597	Apt, Carpentras 
85	Vendée	La Roche-sur-Yon	55213	Fontenay-le-Comte, Les Sables-d'Olonne 
86	Vienne	Poitiers	90033	Châtellerault, Montmorillon 
87	Haute-Vienne	Limoges	130592	Bellac, Rochechouart 
88	Vosges	Épinal	31832	Neufchâteau, Saint-Dié-des-Vosges 
89	Yonne	Auxerre	34151	Avallon, Sens 
90	Territoire de Belfort	Belfort	45458	
91	Essonne	Évry-Courcouronnes	66106	Étampes, Palaiseau 
92	Hauts-de-Seine	Nanterre	95782	Antony, Boulogne-Billancourt 
93	Seine-Saint-Denis	Bobigny	54906	Le Raincy, Saint-Denis 
94	Val-de-Marne	Créteil	92566	L'Haÿ-les-Roses, Nogent-sur-Marne 
95	Val-d'Oise	Cergy	67790	Argenteuil, Pontoise (Chef-lieu), Sarcelles 
971	Guadeloupe	Basse-Terre	9892	Pointe-à-Pitre 
972	Martinique	Fort-de-France	75286	Le Marin, Saint-Pierre, La Trinité 
973	Guyane	Cayenne	65956	Saint-Laurent-du-Maroni, Saint-Georges 
974	La Réunion	Saint-Denis	153001	Saint-Benoît, Saint-Paul, Saint-Pierre 
976	Mayotte	Mamoudzou	71437	
